Claire Gute, Female
Darrin Van Huff, Male
Sean O'Donnell, Male
Brosina Hoffman, Female
Andrew Allen, Male
Irene Maddox, Female
Harold Pawlan, Male
Pete Kriz, Male
Alejandro Grove, Male
Zuschuss Donatelli, Male
Ken Black, Male
Sandra Flanagan, Female
Emily Burns, Female
Eric Hoffmann, Male
Tracy Blumstein, Female
Matt Abelman, Male
Gene Hale, Male
Steve Nguyen, Male
Linda Cazamias, Female
Ruben Ausman, Male
Erin Smith, Female
Odella Nelson, Female
Patrick O'Donnell, Male
Lena Hernandez, Female
Darren Powers, Male
Janet Molinari, Female
Ted Butterfield, Male
Kunst Miller, Male
Paul Stevenson, Male
Brendan Sweed, Male
Karen Daniels, Female
Henry MacAllister, Male
Joel Eaton, Male
Ken Brennan, Male
Stewart Carmichael, Male
Duane Noonan, Male
Julie Creighton, Female
Christopher Schild, Male
Paul Gonzalez, Male
Gary Mitchum, Male
Jim Sink, Male
Karl Braun, Male
Roger Barcio, Male
Parhena Norris, Female
Katherine Ducich, Female
Elpida Rittenbach, Female
Rick Bensley, Male
Gary Zandusky, Male
Lena Cacioppo, Female
Janet Martin, Female
Pete Armstrong, Male
Cynthia Voltz, Female
Clay Ludtke, Male
Ryan Crowe, Male
Dave Kipp, Male
Greg Guthrie, Male
Steven Cartwright, Male
Alan Dominguez, Male
Philip Fox, Male
Troy Staebel, Male
Lindsay Shagiari, Female
Dorothy Wardle, Female
Lena Creighton, Female
Jonathan Doherty, Male
Sally Hughsby, Female
Sandra Glassco, Female
Helen Andreada, Female
Maureen Gastineau, Female
Justin Ellison, Male
Tamara Willingham, Female
Stephanie Phelps, Female
Neil Knudson, Male
Dave Brooks, Male
Nora Paige, Female
Ted Trevino, Male
Eric Murdock, Male
Ruben Dartt, Male
Max Jones, Male
Becky Martin, Female
Chad Sievert, Male
Jennifer Braxton, Female
Shirley Jackson, Female
Jim Kriz, Male
David Kendrick, Male
Robert Marley, Male
Sally Knutson, Female
Frank Merwin, Male
Alice McCarthy, Female
Mark Packer, Male
Mary Zewe, Female
Cassandra Brandow, Female
Valerie Mitchum, Female
Fred Hopkins, Male
Maria Bertelson, Female
Bruce Stewart, Male
Logan Currie, Male
Heather Kirkland, Female
Laurel Elliston, Female
Joseph Holt, Male
Michael Stewart, Male
Victoria Wilson, Female
Jonathan Howell, Male
Joni Blumstein, Female
David Smith, Male
Valerie Dominguez, Female
Erin Ashbrook, Female
David Bremer, Male
Ken Lonsdale, Male
Dianna Wilson, Female
Logan Haushalter, Male
Kelly Collister, Female
Delfina Latchford, Female
Dan Reichenbach, Male
Craig Carreira, Male
Dorris Liebe, Female
Sean Braxton, Male
Roy Collins, Male
Alan Hwang, Male
Claudia Bergmann, Female
Christine Abelman, Female
Kristen Hastings, Female
Barry Blumstein, Male
Andrew Gjertsen, Male
Jas O'Carroll, Male
Alan Haines, Male
Nick Zandusky, Male
Kelly Lampkin, Female
Alan Schoenberger, Male
Corey Roper, Male
Shahid Hopkins, Male
Ben Peterman, Male
Thomas Seio, Male
Andy Gerbode, Male
Sung Pak, Male
Nathan Mautz, Male
Frank Atkinson, Male
Grace Kelly, Female
Don Jones, Male
Patrick O'Brill, Male
John Lucas, Male
Doug Bickford, Male
Alyssa Crouse, Female
Clay Cheatham, Male
Tamara Dahlen, Female
Adam Bellavance, Male
Jeremy Lonsdale, Male
Victoria Brennan, Female
Katrina Willman, Female
Julia Dunbar, Female
Michael Kennedy, Male
Guy Thornton, Male
Arthur Gainer, Male
Muhammed MacIntyre, Male
Allen Rosenblatt, Male
Russell Applegate, Male
Alejandro Savely, Male
Laura Armstrong, Female
Denny Ordway, Male
Dean Katz, Male
Nathan Gelder, Male
Mike Vittorini, Male
Jack Garza, Male
Bart Pistole, Male
Victor Preis, Male
Saphhira Shifley, Female
Anna Gayman, Female
Luke Foster, Male
Roy Franzosisch, Male
Keith Herrera, Male
Kimberly Carter, Female
Caroline Jumper, Female
Philip Brown, Male
Michael Paige, Male
Natalie Fritzler, Female
Shirley Daniels, Female
Ken Heidel, Male
Ross Baird, Male
Mike Kennedy, Male
Philisse Overcash, Female
Brenda Bowman, Female
Troy Blackwell, Male
Raymond Buch, Male
Ed Braxton, Male
Sanjit Chand, Male
Tanja Norvell, Female
Joni Sundaresam, Female
Maya Herman, Female
Jeremy Pistek, Male
Jeremy Ellison, Male
John Grady, Male
Xylona Preis, Female
Erin Mull, Female
Michelle Tran, Female
Sue Ann Reed, Female
Carl Weiss, Male
Astrea Jones, Female
Sonia Sunley, Female
Rose O'Brian, Female
Maribeth Dona, Female
Maribeth Yedwab, Female
Christopher Martinez, Male
Lynn Smith, Female
Bradley Nguyen, Male
Dean Braden, Male
Matt Connell, Male
Brian Dahlen, Male
Patricia Hirasaki, Female
Mike Gockenbach, Male
Karen Bern, Female
Jasper Cacioppo, Male
Rob Lucas, Male
Allen Armold, Male
Emily Phan, Female
Darren Koutras, Male
Bradley Drucker, Male
Liz MacKendrick, Female
Adrian Shami, Male
Bill Donatelli, Male
Greg Tran, Male
Ashley Jarboe, Female
Olvera Toch, Female
Liz Pelletier, Female
Cynthia Arntzen, Female
Jeremy Farry, Male
Frank Preis, Male
Ellis Ballard, Male
Jennifer Ferguson, Female
Sarah Foster, Female
Trudy Glocke, Female
Carlos Soltero, Male
Charles Crestani, Male
Dianna Vittorini, Female
Bruce Degenhardt, Male
Zuschuss Carroll, Unknown
Melanie Seite, Female
Lena Radford, Female
Theone Pippenger, Unknown
Chloris Kastensmidt, Unknown
Alan Shonely, Male
Andrew Roberts, Male
Nona Balk, Female
Giulietta Dortch, Female
Clytie Kelty, Female
Nat Gilpin, Male
Christina Anderson, Female
Sylvia Foulston, Female
Meg O'Connel, Female
Annie Thurman, Female
Fred McMath, Male
Denny Joy, Unknown
Max Engle, Male
Justin Deggeller, Male
John Lee, Male
Sean Christensen, Male
Chuck Clark, Male
Anthony Rawles, Male
Steven Roelle, Male
Craig Reiter, Male
Eugene Hildebrand, Male
Sibella Parks, Female
Tiffany House, Female
Resi Polking, Female
Rob Beeghly, Male
Carol Darley, Female
Doug Jacobs, Male
Grant Thornton, Male
Michael Chen, Male
Ralph Arnett, Male
Naresj Patel, Unknown
Alan Barnes, Male
Jesus Ocampo, Male
Jay Kimmel, Male
Brad Norvell, Male
David Philippe, Male
Tracy Hopkins, Unknown
Arthur Prichep, Male
Roland Schwarz, Male
Seth Vernon, Male
Christine Kargatis, Female
Ross DeVincentis, Male
Mathew Reese, Male
Steve Chapman, Male
Jay Fein, Male
Emily Grady, Female
Darrin Sayre, Male
Phillina Ober, Female
Sung Shariari, Unknown
Peter Buhler, Male
Roland Fjeld, Male
Yoseph Carroll, Unknown
Debra Catini, Female
Christine Phan, Female
Barry Franzosisch, Male
Lisa Hazard, Female
Chris Selesnick, Male
Anthony Johnson, Male
Benjamin Venier, Male
Dan Lawera, Male
Bryan Mills, Male
Liz Thompson, Female
Joe Kamberova, Male
Erica Smith, Female
Rick Hansen, Male
Carlos Daly, Male
Helen Wasserman, Female
Mike Caudle, Male
Gary McGarr, Male
Pauline Johnson, Female
Bart Watters, Male
Toby Ritter, Male
Patrick Gardner, Male
James Lanier, Male
Brian Moss, Male
Eudokia Martin, Female
Art Foster, Male
Guy Armstrong, Male
Cyma Kinney, Female
Dave Poirier, Male
Berenike Kampe, Female
Sanjit Jacobs, Male
Chuck Magee, Male
Anthony Jacobs, Male
Linda Southworth, Female
Guy Phonely, Male
Paul Knutson, Male
Sally Matthias, Female
Anthony Garverick, Male
Peter McVee, Male
Lauren Leatherbury, Female
Jill Stevenson, Female
Ed Ludwig, Male
Pamela Coakley, Female
Hunter Lopez, Male
Maribeth Schnelling, Female
George Bell, Male
Justin Ritter, Male
Bill Eplett, Male
Sample Company A, Unknown
Rob Williams, Male
Sanjit Engle, Male
Adam Hart, Male
Jessica Myrick, Female
Joel Jenkins, Male
Ralph Kennedy, Male
Catherine Glotzbach, Female
Rachel Payne, Female
Karen Carlisle, Female
Katherine Hughes, Female
Greg Hansen, Male
Scott Williamson, Male
Joseph Airdo, Male
Daniel Lacy, Male
Lindsay Williams, Female
Thomas Brumley, Male
Bryan Spruell, Male
Robert Waldorf, Male
Tracy Zic, Female
Ann Steele, Female
Toby Swindell, Male
Sara Luxemburg, Female
Mitch Willingham, Male
Rob Dowd, Male
Ryan Akin, Male
Meg Tillman, Female
Vivek Gonzalez, Male
John Stevenson, Male
Kalyca Meade, Female
Hallie Redmond, Female
Deanra Eno, Female
Allen Goldenen, Male
Jennifer Jackson, Female
Jennifer Halladay, Female
Robert Dilbeck, Male
Mary O'Rourke, Female
Noel Staavos, Male
Deirdre Greer, Female
Nicole Fjeld, Female
Matthew Grinstein, Male
Theresa Swint, Female
Brian DeCherney, Male
Charles McCrossin, Male
Skye Norling, Female
Erica Hernandez, Female
Frank Olsen, Male
Maurice Satty, Male
Chad Cunningham, Male
Don Weiss, Male
Bill Tyler, Male
Craig Yedwab, Male
Brad Thomas, Male
Penelope Sewall, Female
Paul Van Hugh, Male
Neoma Murray, Female
Dionis Lloyd, Female
Christine Sundaresam, Female
Frank Hawley, Male
Nat Carroll, Male
Alex Avila, Male
Larry Tron, Male
Anne Pryor, Female
Paul MacIntyre, Male
Alyssa Tate, Female
Cathy Armstrong, Female
Harold Ryan, Male
Bradley Talbott, Male
Larry Hughes, Male
Steven Ward, Male
Stefania Perrino, Female
Ben Ferrer, Male
Kean Thornton, Male
Brooke Gillingham, Female
Greg Matthias, Male
Eva Jacobs, Female
Nora Preis, Female
Mick Hernandez, Male
Jocasta Rupert, Female
Suzanne McNair, Female
Chris Cortes, Male
Phillip Flathmann, Male
Dan Campbell, Male
Bryan Davis, Male
Gene McClure, Male
Todd Boyes, Male
Justin Hirsh, Male
Erica Bern, Female
Quincy Jones, Male
Tracy Collins, Female
Chuck Sachs, Male
Henry Goldwyn, Male
Laurel Workman, Female
Matt Collins, Male
Liz Preis, Female
Evan Bailliet, Male
George Zrebassa, Male
Cathy Prescott, Female
Frank Gastineau, Male
Lisa DeCherney, Female
Alejandro Ballentine, Male
Michael Nguyen, Male
Jim Radford, Male
Jamie Frazer, Male
Chad McGuire, Male
Aaron Smayling, Male
Beth Paige, Female
Natalie DeCherney, Female
Larry Blacks, Male
Kean Takahito, Male
Harry Marie, Unknown
Ann Blume, Female
Sam Zeldin, Male
Michael Granlund, Male
Julie Kriz, Female
Paul Prost, Male
Yana Sorensen, Female
Katherine Murray, Female
Adrian Barton, Male
Helen Abelman, Female
Beth Thompson, Female
Stuart Van, Male
Rick Wilson, Male
Damala Kotsonis, Female
Shui Tom, Female
Michael Moore, Male
Pauline Webber, Female
Shaun Chance, Male
Thais Sissman, Female
Mark Cousins, Male
Maria Etezadi, Female
Nicole Hansen, Female
Mick Brown, Male
Keith Dawkins, Male
Katherine Nockton, Female
Nora Pelletier, Female
Cindy Stewart, Female
Maxwell Schwartz, Male
Corinna Mitchell, Female
Corey-Lock, Unknown
Todd Sumrall, Male
Jane Waco, Female
John Dryer, Male
Pauline Chand, Female
Andy Reiter, Male
Arianne Irving, Female
Tom Boeckenhauer, Male
Paul Lucas, Male
Gary Hwang, Male
Mike Pelletier, Male
Jim Mitchum, Male
Carl Ludwig, Male
Deborah Brumfield, Female
Ivan Gibson, Male
Bobby Odegard, Male
Aimee Bixby, Female
Julia West, Female
Edward Becker, Male
Sheri Gordon, Female
Charlotte Melton, Female
Anthony Witt, Male
Mick Crebagga, Male
Tonja Turnell, Female
Vivek Grady, Male
Muhammed Yedwab, Male
Rick Duston, Male
Dennis Pardue, Male
Marina Lichtenstein, Female
Jenna Caffey, Female
James Galang, Male
Marc Crier, Male
Natalie Webber, Female
Toby Braunhardt, Male
Bill Stewart, Male
Hilary Holden, Female
Christina DeMoss, Female
Thea Hendricks, Female
Michelle Moray, Female
Neola Schneider, Female
Robert Barroso, Male
Shaun Weien, Male
Eric Barreto, Male
Pamela Stobb, Female
Herbert Flentye, Male
Henia Zydlo, Female
Cynthia Delaney, Female
Jamie Kunitz, Female
Filia McAdams, Female
Emily Ducich, Female
Dianna Arnett, Female
Joni Wasserman, Female
Raymond Messe, Male
Max Ludwig, Male
Craig Carroll, Male
Jim Epp, Male
Roy Phan, Male
Thomas Boland, Male
Brad Eason, Male
Jill Fjeld, Female
Phillip Breyer, Male
Brian Thompson, Male
Janet Lee, Female
Cathy Hwang, Female
Neil Ducich, Male
Barbara Fisher, Female
Katharine Harms, Female
Giulietta Weimer, Female
Noah Childs, Male
Michelle Ellison, Female
Benjamin Patterson, Male
John Castell, Male
Adam Shillingsburg, Male
Amy Cox, Female
Michael Dominguez, Male
Duane Benoit, Male
Erica Hackney, Female
Edward Hooks, Male
Scot Coram, Male
Joe Elijah, Male
Ann Chong, Female
Joy Daniels, Female
Christy Brittain, Female
Joy Smith, Female
Luke Weiss, Male
Stuart Calhoun, Male
Anne McFarland, Female
Rick Huthwaite, Male
Carol Triggs, Female
Matt Collister, Male
Corey Catlett, Male
Kelly Andreada, Female
Tamara Chand, Female
Bart Folk, Male
Magdelene Morse, Female
Adrian Hane, Male
Ben Wallace, Male
Scot Wooten, Male
Brian Stugart, Male
Randy Ferguson, Male
William Brown, Male
Trudy Brown, Female
Art Ferguson, Male
Richard Bierner, Male
Karen Ferguson, Female
John Huston, Male
Ivan Liston, Male
Patrick Bzostek, Male
Rob Haberlin, Male
Arthur Wiediger, Male
Maris LaWare, Female
Dorothy Badders, Female
Matt Hagelstein, Male
Dennis Kane, Male
Bobby Trafton, Male
Denny Blanton, Male
Toby Gnade, Male
Barry Franz, Male
Justin MacKendrick, Male
Maria Zettner, Female
Mitch Webber, Male
Mark Van Huff, Male
Sean Miller, Male
Tom Prescott, Male
Jim Karlsson, Male
Patrick Jones, Male
Ricardo Sperren, Male
Susan Vittorini, Female
Becky Castell, Female
Elizabeth Moffitt, Female
Brendan Murry, Male
Kristina Nunn, Female
Kelly Williams, Female
Scott Cohen, Male
Christina VanderZanden, Female
Speros Goranitis, Male
Tamara Manning, Female
Eleni McCrary, Female
Michelle Lonsdale, Female
Clay Rozendal, Male
Annie Zypern, Female
Pierre Wener, Male
Shahid Collister, Male
Carlos Meador, Male
Greg Maxwell, Male
Tim Brockman, Male
John Murray, Male
Sonia Cooley, Female
Luke Schmidt, Male
Ralph Ritter, Male
Daniel Byrd, Male
Thomas Thornton, Male
Lori Olson, Female
Ken Dana, Male
Nicole Brennan, Female
Brian Derr, Male
Chris McAfee, Male
Edward Nazzal, Male
Kean Nguyen, Male
Bill Overfelt, Male
Aleksandra Gannaway, Female
Matthew Clasen, Male
Tom Ashbrook, Male
Jason Fortune, Male
Tim Taslimi, Male
Sarah Bern, Female
Craig Leslie, Male
Hunter Glantz, Male
Nancy Lomonaco, Female
Rick Reed, Male
Toby Carlisle, Male
Stewart Visinsky, Male
Bobby Elias, Male
Steve Carroll, Male
David Flashing, Male
Fred Harton, Male
MaryBeth Skach, Female
Ritsa Hightower, Female
George Ashbrook, Male
Julie Prescott, Female
Dean Percer, Male
Michael Oakman, Male
Denise Leinenbach, Female
Michelle Huthwaite, Female
Daniel Raglin, Male
Darrin Martin, Male
Carol Adams, Female
Anna Chung, Female
Denise Monton, Female
Vicky Freymann, Female
Christopher Conant, Male
Beth Fritzler, Female
Harry Greene, Male
Becky Pak, Female
Eugene Moren, Male
Michelle Arnett, Female
Andy Yotov, Male
Giulietta Baptist, Female
Julia Barnett, Female
Michael Grace, Male
Sharelle Roach, Female
Joy Bell, Female
Dario Medina, Male
Tony Chapman, Male
Sean Wendt, Male
Richard Eichhorn, Male
Benjamin Farhat, Male
Katrina Bavinger, Female
Jason Gross, Male
Erin Creighton, Female
Eugene Barchas, Male
Jennifer Patt, Female
Cari Sayre, Female
Gary Hansen, Male
Pete Takahito, Male
Jack Lebron, Male
Aaron Hawkins, Male
Cindy Chapman, Female
David Wiener, Male
Sarah Jordon, Female
Bruce Geld, Male
Laurel Beltran, Female
Candace McMahon, Female
Evan Henry, Male
Tony Sayre, Male
Patrick Ryan, Male
Liz Carlisle, Female
Cindy Schnelling, Female
Dave Hallsten, Male
Jack O'Briant, Male
Anna Haberlin, Female
Heather Jas, Female
Mark Hamilton, Male
Russell D'Ascenzo, Male
Sam Craven, Male
Stephanie Ulpright, Female
Fred Chung, Male
Randy Bradley, Male
Nick Crebassa, Male
Darren Budd, Male
Maureen Fritzler, Female
Roland Murray, Male
Vivian Mathis, Female
Ed Jacobs, Male
Nathan Cano, Male
Lycoris Saunders, Female
Katrina Edelman, Female
Duane Huffman, Male
Peter Fuller, Male
Valerie Takahito, Female
Maureen Gnade, Female
Susan Pistek, Female
Charles Sheldon, Male
Dana Kaydos, Female
Khloe Miller, Female
Anna Andreadi, Female
Dorothy Dickinson, Female
Amy Hunt, Female
Tracy Poddar, Female
Eileen Kiefer, Female
Cyra Reiten, Female
Susan Gilcrest, Female
Angele Hood, Female
Neil Franzosisch, Male
Bill Shonely, Male
Stefanie Holloman, Female
Roger Demir, Male
Alex Grayson, Male
Georgia Rosenberg, Female
Vivek Sundaresam, Male
Tony Molinari, Male
Tom Stivers, Male
Dennis Bolton, Male
Nick Radford, Male
Cari Schnelling, Female
Monica Federle, Female
Liz Willingham, Female
Alex Russell, Male
Karen Seio, Female
Aaron Bergman, Male
Lisa Ryan, Female
Shahid Shariari, Male
Jill Matthias, Female
Jason Klamczynski, Male
Don Miller, Male
Muhammed Lee, Male
Marc Harrigan, Male
Frank Carlisle, Male
Thea Hudgings, Female
Juliana Krohn, Female
Sarah Brown, Female
Barry Gonzalez, Male
Barry Weirich, Male
Mitch Gastineau, Male
Doug O'Connell, Male
Barry Pond, Male
Trudy Schmidt, Female
Evan Minnotte, Male
Anthony O'Donnell, Male
Mark Haberlin, Male
Shirley Schmidt, Female
Lela Donovan, Female
Victoria Pisteka, Female
Theresa Coyne, Female
Ionia McGrath, Female
Anemone Ratner, Female
Craig Molinari, Male
Fred Wasserman, Male
Lindsay Castell, Female
Harold Engle, Male
Brendan Dodson, Male
Harold Dahlen, Male
Carl Jackson, Male
Roy Skaria, Male
Sung Chung, Male
Ricardo Emerson, Male
Susan MacKendrick, Female